{"mae":6.4719026543,"r2":0.3002052747}
