{"mae":5.808803455,"r2":0.4419694198}
