{"mae":6.4510719575,"r2":0.3036869308}
