{"mae":6.106880188,"r2":0.3974824548}
